{
    "loss": 1.7064098119735718,
    "accuracy": 0.8879310488700867
}