{
    "loss": 3.0380940437316895,
    "accuracy": 0.8448275923728943
}